model_display,dice_mean,iou_mean,rmse_mean,nrmse_mean,soft_intensity_dice_mean,integrated_intensity_abs_relative_error_mean,spot_recognition_mean,n_samples,model,model_path,architecture,source_dir,source_file,spot_recognition_p10,dice_p10,total_eval_seconds,seconds_per_sample,seconds_per_spot,samples_per_second,spots_per_second
0630-2045_twooutput__0630_2045_twooutput,0.5532469158262014,0.46657726382762194,0.4544852325588465,484.9683370533645,0.4900334413766861,43559.90971855323,0.39869892536103724,5000,final_20260630-204540_augmented_spot_patches_e200_b5_lr0.0001_s1,checkpoints/final_20260630-204540_augmented_spot_patches_e200_b5_lr0.0001_s1.pth,twooutput,eva_server/evaluation/twooutput/0630_2045_twooutput,eva_server/evaluation/twooutput/0630_2045_twooutput/model_separation_metrics_5000.csv,0.26924211978912355,0.37323432564735415,47.75538513006177,0.0095510770260123,0.0047755385130061,104.70023404444342,209.40046808888684
0630-2045_twooutput__0630_2045_twooutputs,0.5532469158262014,0.46657726382762194,0.4544852325588465,484.9683370533645,0.4900334413766861,43559.90971855323,0.39869892536103724,5000,final_20260630-204540_augmented_spot_patches_e200_b5_lr0.0001_s1,checkpoints/final_20260630-204540_augmented_spot_patches_e200_b5_lr0.0001_s1.pth,twooutput,eva_server/evaluation/twooutput/0630_2045_twooutputs,eva_server/evaluation/twooutput/0630_2045_twooutputs/model_separation_metrics_5000.csv,0.26924211978912355,0.37323432564735415,47.7323559630895,0.0095464711926179,0.0047732355963089,104.75074818989457,209.5014963797891
0703-2013_twooutput,0.7675334894821048,0.6852922699145972,0.5779803010910749,965.3319060625553,0.525949386960268,78059.93153814621,0.5460439559847117,5000,final_20260703-201335_augmented_spot_patches_e200_b10_lr0.0001_s1,checkpoints/final_20260703-201335_augmented_spot_patches_e200_b10_lr0.0001_s1.pth,twooutput,eva_server/evaluation/twooutput/twooutput,eva_server/evaluation/twooutput/twooutput/model_separation_metrics_5000.csv,0.3183857232332229,0.44904592335224147,47.23396489000879,0.0094467929780017,0.0047233964890008,105.85602990651394,211.71205981302788
0707-1118_twooutput__0707_twooutputs,0.9515939618587493,0.9117211868882179,0.6665753045856952,3.0585243479788304,,3.509644369730353,0.6723438007831574,5000,final_20260707-111849_twoouts_augmented_spots_train_e200_b10_lr0.0001_s1,checkpoints/final_20260707-111849_twoouts_augmented_spots_train_e200_b10_lr0.0001_s1.pth,twooutput,eva_server/evaluation/twooutput/0707_twooutputs,eva_server/evaluation/twooutput/0707_twooutputs/model_separation_metrics_5000.csv,0.6399225056171417,0.9124533355236054,61.40747585496865,0.0122814951709937,0.0061407475854968,81.42331093056052,162.84662186112104
0707-1118_twooutput__0707_twooutputs_second_edition,0.9515939618587493,0.9117211868882179,0.6665753045856952,3.0585243479788304,0.5357858921170234,3.509644369730353,0.6723438007831574,5000,final_20260707-111849_twoouts_augmented_spots_train_e200_b10_lr0.0001_s1,checkpoints/final_20260707-111849_twoouts_augmented_spots_train_e200_b10_lr0.0001_s1.pth,twooutput,eva_server/evaluation/twooutput/0707_twooutputs_second_edition,eva_server/evaluation/twooutput/0707_twooutputs_second_edition/model_separation_metrics_5000.csv,0.6399225056171417,0.9124533355236054,48.11549863405526,0.009623099726811,0.0048115498634055,103.91662025634902,207.83324051269804
0717-0844_twooutput,0.2848294623052366,0.19079475227339562,0.06286286730854768,14.431977549589611,0.9185618130996823,430.14726330921843,0.4291113535217941,5000,final_20260717-084426_augmented_spots_train_e200_b10_lr0.0001_s1,checkpoints/final_20260717-084426_augmented_spots_train_e200_b10_lr0.0001_s1.pth,twooutput,eva_server/evaluation/twooutput/0717-0844_twooutput,eva_server/evaluation/twooutput/0717-0844_twooutput/model_separation_metrics_5000.csv,0.25184363722801206,0.12258705124258994,54.00446794799063,0.0108008935895981,0.005400446794799,92.58493213589816,185.1698642717963
0719-0847_twooutput,0.29793064929470414,0.2004025360180996,0.04611906851897943,106.40897265177229,0.9518427108466625,11953.933498788794,0.45561932322382925,5000,final_20260719-084743_augmented_spots_train_e200_b100_lr0.0001_s1,checkpoints/final_20260719-084743_augmented_spots_train_e200_b100_lr0.0001_s1.pth,twooutput,eva_server/evaluation/twooutput/twooutput,eva_server/evaluation/twooutput/twooutput/model_separation_metrics_5000.csv,0.29369698762893676,0.13317725211381903,47.24010313895997,0.0094480206277919,0.0047240103138959,105.8422752654066,211.68455053081323
0721-0111_twooutput,0.29257326811589296,0.1962033246227074,0.04989126687827516,84.2803126631639,0.9436539198696613,7761.9637966734035,0.4478302288845181,5000,final_20260721-011126_augmented_spots_train_e200_b10_lr0.0001_s1,checkpoints/final_20260721-011126_augmented_spots_train_e200_b10_lr0.0001_s1.pth,twooutput,eva_server/evaluation/twooutput/0721twooutput_l1loss,eva_server/evaluation/twooutput/0721twooutput_l1loss/model_separation_metrics_5000.csv,0.27957235574722283,0.12705526500940315,49.881303349044174,0.0099762606698088,0.0049881303349044,100.2379581987368,200.4759163974736
0721-1027_twooutput,0.2877759432168677,0.19248654512809585,0.040749339313758494,75.50143528436068,0.9654506733357906,7115.32078089558,0.4551907768204808,5000,final_20260721-102717_to_newloss_augmented_spots_train_e200_b10_lr0.0001_s1,checkpoints/final_20260721-102717_to_newloss_augmented_spots_train_e200_b10_lr0.0001_s1.pth,twooutput,eva_server/evaluation/twooutput/0721-1027_newloss_twooutput~,eva_server/evaluation/twooutput/0721-1027_newloss_twooutput~/model_separation_metrics_5000.csv,0.30564182102680204,0.12280836850404733,360.3399085861165,0.0720679817172233,0.0360339908586116,13.875787501913807,27.751575003827615
