model_display,dataset,n_samples_best_10,n_samples_worst_10,recognition_mean_best_10,recognition_mean_worst_10,recognition_min_best_10,recognition_min_worst_10,recognition_max_best_10,recognition_max_worst_10,dice_mean_best_10,dice_mean_worst_10,iou_mean_best_10,iou_mean_worst_10,rmse_mean_best_10,rmse_mean_worst_10,recognition_gap,dice_gap,iou_gap,rmse_improvement
multi-output BCE/MSE Loss,Al,10.0,10.0,0.9829143226146698,0.5003968268632889,0.97950541973114,0.4281611144542694,0.9862655401229858,0.5395220518112183,0.9961228728294372,0.5122168123722076,0.9922924995422363,0.42090597450733186,0.02188393650576469,0.1587149996310472,0.4825174957513809,0.4839060604572296,0.5713865250349044,0.1368310631252825
multi-output BCE/MSE Loss,Al_big_grains,10.0,10.0,0.9756223142147065,0.4589727342128754,0.9699587821960448,0.4137881100177765,0.9811785221099854,0.5011215209960938,0.991047465801239,0.5000489622354507,0.9823019742965698,0.40577408075332644,0.02169121820479627,0.12552352286875243,0.5166495800018311,0.49099850356578834,0.5765278935432434,0.10383230466395615
multi-output BCE/MSE Loss,Al_deformed_LoG,10.0,10.0,0.9328680634498596,0.5031388759613037,0.9148727655410768,0.4555847644805908,0.9527513384819032,0.5198736190795898,0.9752981483936309,0.49315171241760253,0.9528222501277923,0.36842492520809167,0.0347819752991199,0.15973979160189625,0.42972918748855593,0.4821464359760284,0.5843973249197006,0.12495781630277634
multi-output BCE/MSE Loss,Al_small_grains,10.0,10.0,0.9281081438064576,0.48884828984737394,0.9099097847938538,0.4113005697727203,0.9662126302719116,0.5256760120391846,0.9668912291526794,0.5443851381540299,0.9368773102760315,0.411050483584404,0.062234192900359586,0.20640863478183746,0.4392598539590836,0.42250609099864955,0.5258268266916275,0.14417444188147788
multi-output BCE/MSE Loss,Cu,10.0,10.0,0.8520876884460449,0.46706523001194,0.8373972177505493,0.4199258387088775,0.8725650906562805,0.4916554689407348,0.9143212497234344,0.5244713336229324,0.8438429296016693,0.39087912738323205,0.09872712120413775,0.17856176346540448,0.3850224584341049,0.389849916100502,0.45296380221843724,0.07983464226126673
multi-output BCE/MSE Loss,IN718_twins,10.0,10.0,0.9834159731864929,0.5513948768377304,0.9811898469924928,0.4898740947246551,0.986829400062561,0.5722410678863525,0.9983426749706268,0.5705370724201202,0.9966957688331604,0.4340027838945389,0.02732372190803285,0.21457928642630572,0.4320210963487625,0.4278056025505066,0.5626929849386215,0.18725556451827288
multi-output BCE/MSE Loss,Iron,10.0,10.0,0.9458626806735992,0.4178535670042038,0.938285231590271,0.2883644700050354,0.95964378118515,0.4839942455291748,0.9758486032485962,0.44311733841896056,0.9534268319606781,0.34640645831823347,0.025004923436790637,0.154155820608139,0.5280091136693954,0.5327312648296356,0.6070203736424447,0.12915089717134837
multi-output BCE/MSE Loss,Iron_deformed,10.0,10.0,0.9374540865421295,0.4832144170999527,0.928652048110962,0.4583762884140014,0.9612216353416444,0.5050461292266846,0.9732199609279633,0.49194062650203707,0.9486245810985565,0.41653875410556795,0.04371318519115443,0.15365946292877192,0.45423966944217675,0.4812793344259262,0.5320858269929886,0.10994627773761749
multi-output BCE/MSE Loss,Ti7Al,10.0,10.0,0.9721956849098206,0.4094978213310242,0.9644629955291748,0.3501311242580414,0.992109477519989,0.4404401779174804,0.9847795903682709,0.42282952070236207,0.9704240441322327,0.34384858310222627,0.01585215548984701,0.12113794684410091,0.5626978635787964,0.5619500696659088,0.6265754610300065,0.1052857913542539
multi-output BCE/MSE Loss small Dataset,Al,10.0,10.0,0.9669152736663819,0.42502099871635435,0.9617868661880492,0.3092789351940155,0.9775567054748536,0.4598255753517151,0.9882635951042176,0.44036969244480134,0.9769047796726227,0.3473846793174743,0.03666345924139019,0.22181041985750194,0.5418942749500275,0.5478939026594163,0.6295201003551484,0.18514696061611174
multi-output BCE/MSE Loss small Dataset,Al_big_grains,10.0,10.0,0.8866201519966126,0.37767210006713864,0.8557878732681274,0.3050114214420318,0.916924238204956,0.3979735970497131,0.9302507698535919,0.42023763954639437,0.8727959513664245,0.33549402058124544,0.07243235111236568,0.1383661843836307,0.508948051929474,0.5100131303071975,0.5373019307851791,0.06593383327126504
multi-output BCE/MSE Loss small Dataset,Al_deformed_LoG,10.0,10.0,0.8422028362751007,0.392400985956192,0.8293218612670898,0.3863418400287628,0.8581200838088989,0.4004318714141845,0.9028258740901947,0.39334010183811186,0.8275270164012909,0.3242696493864059,0.09727684855461116,0.25339957922697065,0.44980185031890874,0.5094857722520828,0.503257367014885,0.1561227306723595
multi-output BCE/MSE Loss small Dataset,Al_small_grains,10.0,10.0,0.8617127120494843,0.38937584757804866,0.822399377822876,0.3325672745704651,0.9384732842445374,0.4134600162506103,0.924012815952301,0.41774111092090604,0.8621481537818909,0.3487217783927917,0.09737519025802607,0.24603202491998669,0.47233686447143564,0.506271705031395,0.5134263753890992,0.1486568346619606
multi-output BCE/MSE Loss small Dataset,Cu,10.0,10.0,0.7910173773765564,0.36216761171817774,0.7378526926040649,0.2711609303951263,0.8879574537277222,0.3843252658843994,0.8648989081382752,0.38916447162628176,0.7759370386600495,0.31934123486280436,0.10008297860622403,0.23382818475365635,0.4288497656583787,0.47573443651199343,0.4565958037972451,0.13374520614743232
multi-output BCE/MSE Loss small Dataset,IN718_twins,10.0,10.0,0.9747944474220276,0.43301814794540405,0.9700794816017152,0.381558358669281,0.983104944229126,0.4590919017791748,0.9942812025547028,0.46376942098140717,0.9886556565761566,0.3517551451921463,0.032057950273156124,0.27318759113550184,0.5417762994766235,0.5305117815732956,0.6369005113840103,0.24112964086234573
multi-output BCE/MSE Loss small Dataset,Iron,10.0,10.0,0.8505578637123108,0.35693948864936825,0.8090538382530212,0.236623466014862,0.9132229089736938,0.3869625329971313,0.8916983604431152,0.3782450079917907,0.8121811747550964,0.295278388261795,0.07955201640725132,0.13448608741164203,0.49361837506294254,0.5134533524513245,0.5169027864933015,0.05493407100439071
multi-output BCE/MSE Loss small Dataset,Iron_deformed,10.0,10.0,0.8287675023078919,0.3973383337259292,0.7949583530426025,0.3792054653167724,0.8764580488204956,0.411089688539505,0.8847735345363616,0.43756721913814545,0.7974244773387908,0.34206255376338957,0.10337029770016666,0.24052580446004868,0.4314291685819627,0.4472063153982162,0.4553619235754013,0.13715550675988203
multi-output BCE/MSE Loss small Dataset,Ti7Al,10.0,10.0,0.8468881368637085,0.3698238879442215,0.8111094236373901,0.335238516330719,0.8749548196792603,0.3937945365905761,0.8817888617515564,0.40591477155685424,0.7936581075191498,0.32265747785568233,0.05278586819767948,0.1196457557380199,0.47706424891948696,0.4758740901947021,0.47100062966346745,0.06685988754034042
multi-output Tversky Loss,Al,10.0,10.0,0.9791247129440308,0.747492852807045,0.9780004024505616,0.4732826948165893,0.980074405670166,0.8873751163482666,0.9948693752288819,0.8169763803482055,0.9898078858852386,0.7528890401124955,0.02483136411756274,0.08606441058218475,0.23163186013698578,0.17789299488067634,0.23691884577274314,0.061233046464622014
multi-output Tversky Loss,Al_big_grains,10.0,10.0,0.9773941516876221,0.6262905448675156,0.9747651815414428,0.4890300929546356,0.990971863269806,0.7332130670547485,0.9912384331226349,0.6935226917266846,0.982664841413498,0.5966758579015732,0.01904752170667049,0.11983681954443451,0.35110360682010655,0.29771574139595036,0.3859889835119248,0.10078929783776402
multi-output Tversky Loss,Al_deformed_LoG,10.0,10.0,0.9692889511585235,0.8745634257793427,0.9676573276519777,0.8541344404220581,0.9719064235687256,0.8848205208778381,0.9809654176235199,0.9301835417747497,0.962730073928833,0.8703581094741821,0.019328095857053938,0.07754998542368408,0.09472552537918089,0.05078187584877014,0.0923719644546509,0.05822188956663014
multi-output Tversky Loss,Al_small_grains,10.0,10.0,0.964754855632782,0.7329292446374893,0.9603581428527832,0.4931340515613556,0.9728028774261476,0.8467174768447876,0.9772718369960784,0.810949158668518,0.9557143926620484,0.7138930439949036,0.02767558041959996,0.12139734476804728,0.23182561099529264,0.16632267832756042,0.24182134866714478,0.09372176434844733
multi-output Tversky Loss,Cu,10.0,10.0,0.9573550641536712,0.7227269142866135,0.9541426301002502,0.4914700090885162,0.96285879611969,0.7828415632247925,0.9650224328041077,0.8578752756118775,0.9325519561767578,0.7635056912899018,0.02297500744462008,0.14673791527748103,0.2346281498670577,0.10714715719223022,0.16904626488685603,0.12376290783286095
multi-output Tversky Loss,IN718_twins,10.0,10.0,0.9821055829524994,0.6548097908496857,0.981603980064392,0.503898561000824,0.9832607507705688,0.7758491039276123,0.9977319061756134,0.6877491891384124,0.9954770088195801,0.5444115966558456,0.0233665376901626,0.20002792030572886,0.3272957921028137,0.3099827170372009,0.4510654121637345,0.17666138261556624
multi-output Tversky Loss,Iron,10.0,10.0,0.9658859968185425,0.7257597088813782,0.963190734386444,0.5114235281944275,0.970300018787384,0.8059577941894531,0.9788418889045716,0.8475569665431977,0.958714348077774,0.7596323728561402,0.02089475477114314,0.11812417851760978,0.24012628793716428,0.1312849223613739,0.19908197522163384,0.09722942374646665
multi-output Tversky Loss,Iron_deformed,10.0,10.0,0.9624825417995453,0.7009185671806335,0.9605113863945008,0.4377136826515198,0.9651964902877808,0.7826200723648071,0.9737992882728577,0.7733884751796722,0.9489856839179993,0.663415452837944,0.020169297605752902,0.12115665860474105,0.2615639746189118,0.20041081309318542,0.2855702310800553,0.10098736099898814
multi-output Tversky Loss,Ti7Al,10.0,10.0,0.97647145986557,0.5048590242862702,0.9715368747711182,0.39978688955307,0.9911455512046814,0.6549556255340576,0.9886350095272064,0.5514698058366776,0.9776610851287841,0.42223948538303374,0.014074419531971161,0.14760124683380124,0.4716124355792999,0.4371652036905288,0.5554215997457503,0.13352682730183008
multi-output Tversky Loss ReduceLROnPlateau,Al,10.0,10.0,0.9798063039779663,0.7069474190473557,0.9772899150848388,0.4311233758926391,0.98284649848938,0.8302314877510071,0.9881206929683686,0.7771850228309631,0.9765500068664551,0.7130636274814606,0.01792116081342095,0.1061589621007442,0.2728588849306106,0.21093567013740544,0.26348637938499453,0.08823780128732325
multi-output Tversky Loss ReduceLROnPlateau,Al_big_grains,10.0,10.0,0.9781173944473267,0.5598299682140351,0.9747509956359864,0.2610694169998169,0.9870372414588928,0.6946887969970703,0.98745037317276,0.6120096415281295,0.9752607882022858,0.5140330284833908,0.01639562346972523,0.10932681933045382,0.4182874262332916,0.37544073164463043,0.46122775971889496,0.0929311958607286
multi-output Tversky Loss ReduceLROnPlateau,Al_deformed_LoG,10.0,10.0,0.9650794386863708,0.8150690913200378,0.9618114233016968,0.777979850769043,0.970445156097412,0.8316859006881714,0.9683176338672638,0.9104432165622711,0.93873211145401,0.8369809746742248,0.013684259261935911,0.11642101779580112,0.150010347366333,0.057874417304992654,0.1017511367797852,0.10273675853386521
multi-output Tversky Loss ReduceLROnPlateau,Al_small_grains,10.0,10.0,0.9646817445755005,0.7897324025630951,0.960626780986786,0.7472710609436035,0.9784238934516908,0.8237361311912537,0.9707850515842438,0.8791666090488434,0.9435326039791108,0.7945639312267303,0.02051096744835371,0.07874034270644183,0.17494934201240542,0.09161844253540041,0.14896867275238046,0.05822937525808812
multi-output Tversky Loss ReduceLROnPlateau,Cu,10.0,10.0,0.9577487587928772,0.6879612028598785,0.9525508880615234,0.4772026538848877,0.9638022184371948,0.7505285739898682,0.9574162602424622,0.822495061159134,0.9185820400714875,0.7086223125457763,0.0161883313208818,0.19928063601255414,0.26978755593299875,0.13492119908332822,0.20995972752571113,0.18309230469167234
multi-output Tversky Loss ReduceLROnPlateau,IN718_twins,10.0,10.0,0.985194879770279,0.7789185762405395,0.983965277671814,0.6466492414474487,0.9879316091537476,0.8656126856803894,0.9949077606201172,0.8094336032867432,0.9898752212524414,0.6973153650760651,0.019551499001681738,0.12018438428640359,0.20627630352973947,0.18547415733337402,0.29255985617637636,0.10063288528472185
multi-output Tversky Loss ReduceLROnPlateau,Iron,10.0,10.0,0.9650587379932404,0.6523593664169312,0.9620380401611328,0.5827078819274902,0.9725194573402404,0.7017974257469177,0.9704613626003266,0.7493156552314758,0.9428229868412018,0.6280835270881653,0.01852289875969286,0.15437748096883297,0.3126993715763092,0.22114570736885075,0.3147394597530365,0.1358545822091401
multi-output Tversky Loss ReduceLROnPlateau,Iron_deformed,10.0,10.0,0.9577353298664093,0.6080077946186065,0.9553462266921996,0.4524583220481872,0.962928831577301,0.728900134563446,0.9624881088733673,0.7073775380849838,0.9278683543205262,0.5854533165693283,0.01625026036053892,0.17186581343412394,0.34972753524780276,0.2551105707883835,0.34241503775119786,0.15561555307358502
multi-output Tversky Loss ReduceLROnPlateau,Ti7Al,10.0,10.0,0.9761780858039856,0.5033665537834168,0.9702481031417848,0.416013240814209,0.9907231330871582,0.6060113310813904,0.9820037364959717,0.5330045938491821,0.9648187816143036,0.4685544103384018,0.01085363426245744,0.0738258361816406,0.4728115320205688,0.44899914264678964,0.4962643712759018,0.06297220191918315
multi-output Tversky Loss base-channel 32,Al,10.0,10.0,0.9775004327297211,0.6717024832963944,0.9748104810714722,0.3455657660961151,0.9809777140617372,0.8130944967269897,0.9844872236251831,0.6971411675214767,0.9695200979709625,0.5997337907552719,0.01666492754593486,0.09200462233275171,0.3057979494333267,0.28734605610370645,0.3697863072156906,0.07533969478681685
multi-output Tversky Loss base-channel 32,Al_big_grains,10.0,10.0,0.9758581161499024,0.4466369658708572,0.9731887578964232,0.3622434437274933,0.9827512502670288,0.5345181822776794,0.982246857881546,0.4700378566980362,0.9652187645435333,0.3765501722693443,0.01389187304303044,0.13249647505581372,0.5292211502790451,0.5122090011835098,0.588668592274189,0.11860460201278328
multi-output Tversky Loss base-channel 32,Al_deformed_LoG,10.0,10.0,0.9605997323989868,0.7908953428268433,0.956838846206665,0.6826367378234863,0.9662134647369384,0.8332156538963318,0.959906131029129,0.8858417868614197,0.9229971706867218,0.7968983352184296,0.01305512385442848,0.12900561094284052,0.1697043895721435,0.07406434416770935,0.12609883546829226,0.11595048708841205
multi-output Tversky Loss base-channel 32,Al_small_grains,10.0,10.0,0.9613016903400421,0.7741175174713135,0.9571589827537536,0.7003923058509827,0.973738431930542,0.824334442615509,0.9639766812324524,0.8568080186843872,0.9306232988834381,0.7618496000766755,0.01854328466579313,0.06889188699424263,0.18718417286872857,0.10716866254806523,0.16877369880676263,0.0503486023284495
multi-output Tversky Loss base-channel 32,Cu,10.0,10.0,0.9507712841033935,0.6240202188491821,0.9434963464736938,0.4709697961807251,0.9654057621955872,0.7144210338592529,0.9518366575241088,0.7417792081832886,0.9083101093769074,0.6124219328165055,0.01969891358166927,0.20003898218274113,0.3267510652542114,0.21005744934082027,0.2958881765604019,0.18034006860107185
multi-output Tversky Loss base-channel 32,IN718_twins,10.0,10.0,0.9854765117168427,0.5805000126361847,0.9841508269309998,0.4370507001876831,0.9890956878662108,0.7097896337509155,0.9936334013938903,0.5938492476940155,0.9873579859733581,0.4593979299068451,0.01646922938525673,0.2071930348873138,0.404976499080658,0.39978415369987486,0.527960056066513,0.1907238055020571
multi-output Tversky Loss base-channel 32,Iron,10.0,10.0,0.96084845662117,0.5770099282264709,0.95755797624588,0.4848881065845489,0.966289758682251,0.6928390264511108,0.963556456565857,0.663919061422348,0.9299632012844086,0.5535043120384217,0.01496899034827943,0.14480234701186415,0.3838385283946991,0.29963739514350896,0.3764588892459869,0.12983335666358473
multi-output Tversky Loss base-channel 32,Iron_deformed,10.0,10.0,0.951280415058136,0.592360544204712,0.9479994773864746,0.4363847374916076,0.958549737930298,0.6803381443023682,0.9539482057094574,0.6727298408746719,0.9121437251567841,0.5394081443548202,0.017297989409416858,0.17650479227304455,0.35891987085342403,0.28121836483478546,0.3727355808019639,0.1592068028636277
multi-output Tversky Loss base-channel 32,Ti7Al,10.0,10.0,0.9726277589797974,0.4126478970050812,0.9673774242401124,0.351285308599472,0.9934786558151244,0.483420729637146,0.9758791387081146,0.4240760415792465,0.9530883133411407,0.3324561864137649,0.01017185503151264,0.13015870228409762,0.5599798619747162,0.5518030971288681,0.6206321269273758,0.11998684725258499
multi-output Tversky Loss batch 100,Al,10.0,10.0,0.9831283450126648,0.7745308518409729,0.9816118478775024,0.4664796590805053,0.9849870800971984,0.831194281578064,0.9865594625473022,0.8738317728042603,0.9735198974609375,0.8201839447021484,0.011554647516459191,0.07749123442918057,0.20859749317169185,0.11272768974304193,0.15333595275878908,0.06593658691272138
multi-output Tversky Loss batch 100,Al_big_grains,10.0,10.0,0.9782904386520386,0.5350144952535629,0.97512686252594,0.3884244561195373,0.9857616424560548,0.6602792143821716,0.9841020703315735,0.5791576355695724,0.9687711238861084,0.4961231678724289,0.01312797376886008,0.09931969679892061,0.44327594339847565,0.40494443476200104,0.47264795601367954,0.08619172303006054
multi-output Tversky Loss batch 100,Al_deformed_LoG,10.0,10.0,0.965869003534317,0.7446598589420319,0.9629235863685608,0.6012551784515381,0.972048819065094,0.8141510486602783,0.9676811993122101,0.8466085016727447,0.9375869750976562,0.749272158741951,0.01223573256283994,0.1432161137461662,0.22120914459228513,0.12107269763946538,0.18831481635570524,0.13098038118332625
multi-output Tversky Loss batch 100,Al_small_grains,10.0,10.0,0.9661549389362335,0.7442205905914306,0.9622737169265748,0.6169829368591309,0.9778426885604858,0.7814455032348633,0.968356478214264,0.8501168131828308,0.9388457953929901,0.7542325794696808,0.01640837145969268,0.10262317247688765,0.22193434834480286,0.11823966503143313,0.18461321592330926,0.08621480101719498
multi-output Tversky Loss batch 100,Cu,10.0,10.0,0.9538074970245362,0.6171344965696335,0.9479455351829528,0.4591814279556274,0.965489387512207,0.7159525156021118,0.9529556035995483,0.7511525094509125,0.9104394376277923,0.6140287309885025,0.01855354150757188,0.21944372132420537,0.33667300045490267,0.20180309414863584,0.2964107066392898,0.20089017981663349
multi-output Tversky Loss batch 100,IN718_twins,10.0,10.0,0.989352947473526,0.7931293070316314,0.987704575061798,0.5515873432159424,0.9915772676467896,0.8684287667274475,0.9951042890548706,0.8457134783267974,0.990261572599411,0.7538547962903976,0.01133342171087855,0.13502116128802294,0.19622364044189455,0.14939081072807314,0.2364067763090134,0.12368773957714439
multi-output Tversky Loss batch 100,Iron,10.0,10.0,0.9628726780414582,0.537166428565979,0.9611737728118896,0.4597511291503906,0.9665236473083496,0.5977327823638916,0.963601040840149,0.6321039348840714,0.9301016092300415,0.5203078418970108,0.01481881458312267,0.18251557722687717,0.4257062494754792,0.3314971059560776,0.40979376733303063,0.1676967626437545
multi-output Tversky Loss batch 100,Iron_deformed,10.0,10.0,0.95837242603302,0.6454960405826569,0.9543246030807496,0.5188913345336914,0.9635255336761476,0.7293177247047424,0.9577861428260803,0.7382934927940369,0.9191525459289551,0.6113362371921539,0.01235050223767753,0.1610863663256168,0.3128763854503631,0.21949265003204343,0.3078163087368012,0.14873586408793926
multi-output Tversky Loss batch 100,Ti7Al,10.0,10.0,0.9722438037395478,0.4270941913127899,0.9663822650909424,0.3340478539466858,0.9917397499084472,0.4811365604400635,0.9742237985134125,0.45034447610378264,0.949940949678421,0.39201867282390596,0.00847669504582877,0.08871373049914834,0.5451496124267579,0.5238793224096299,0.5579222768545151,0.08023703545331956
multi-output Tversky Loss batch 20,Al,10.0,10.0,0.9816660284996033,0.6423638790845871,0.980010747909546,0.4680096805095672,0.9837729334831238,0.8153190612792969,0.9912322759628296,0.6974300861358642,0.9826455295085907,0.601010337471962,0.018311158660799222,0.1306008852086961,0.33930214941501613,0.2938021898269654,0.38163519203662877,0.11228972654789687
multi-output Tversky Loss batch 20,Al_big_grains,10.0,10.0,0.977379035949707,0.5195596873760223,0.97597998380661,0.3997154831886291,0.9828872084617616,0.62355637550354,0.9861025035381317,0.554535037279129,0.9726518034934998,0.4631693422794342,0.01655621957033867,0.12714924626052376,0.45781934857368467,0.43156746625900266,0.5094824612140656,0.11059302669018509
multi-output Tversky Loss batch 20,Al_deformed_LoG,10.0,10.0,0.9681777119636535,0.7734303712844849,0.9642082452774048,0.580787718296051,0.9720988273620604,0.8244771361351013,0.97331303358078,0.8520638048648834,0.9481559514999389,0.7560715675354004,0.013710702769458249,0.12797479480504986,0.19474734067916866,0.1212492287158966,0.19208438396453853,0.11426409203559161
multi-output Tversky Loss batch 20,Al_small_grains,10.0,10.0,0.9657773315906525,0.7852359235286712,0.961314618587494,0.7275545001029968,0.9771547317504884,0.8202458620071411,0.9707896530628204,0.876360559463501,0.9434877634048462,0.7901004135608674,0.01923694927245374,0.08368875645101068,0.18054140806198127,0.09442909359931939,0.15338734984397884,0.06445180717855693
multi-output Tversky Loss batch 20,Cu,10.0,10.0,0.9569591104984283,0.6374836593866349,0.9512708187103271,0.4629144370555877,0.9679022431373596,0.7308489084243774,0.9611088573932648,0.7690062999725342,0.9253582715988159,0.6463657945394516,0.0196694383397698,0.2107919886708259,0.31947545111179343,0.19210255742073057,0.27899247705936425,0.1911225503310561
multi-output Tversky Loss batch 20,IN718_twins,10.0,10.0,0.9854200959205628,0.7424640536308289,0.9846988916397096,0.3781049847602844,0.9885128736495972,0.8630610108375549,0.9951739072799682,0.768023282289505,0.9903999447822571,0.6525276511907577,0.01623153025284404,0.1392418414354324,0.2429560422897339,0.22715062499046323,0.3378722935914994,0.12301031118258834
multi-output Tversky Loss batch 20,Iron,10.0,10.0,0.9658173561096192,0.6273095071315765,0.96234393119812,0.4677708148956299,0.9682216048240662,0.7104480266571045,0.9715882420539856,0.7070017158985138,0.9449718713760376,0.5639813065528869,0.01780805047601455,0.14308919049799437,0.33850784897804265,0.26458652615547185,0.38099056482315063,0.12528114002197982
multi-output Tversky Loss batch 20,Iron_deformed,10.0,10.0,0.9608229279518128,0.6107628166675567,0.9564571380615234,0.4723448753356933,0.9662439823150636,0.7190858721733093,0.9670388400554657,0.690378850698471,0.9363743782043457,0.5498839914798737,0.01722383592277759,0.15597188696265216,0.35006011128425607,0.27665998935699465,0.386490386724472,0.13874805103987456
multi-output Tversky Loss batch 20,Ti7Al,10.0,10.0,0.9744552314281464,0.4507689416408539,0.9704822301864624,0.3684682250022888,0.9899280667304992,0.4897916615009308,0.9804067552089691,0.504238224029541,0.961831396818161,0.4382526695728302,0.010991509212180919,0.113819289766252,0.5236862897872925,0.47616853117942814,0.5235787272453307,0.10282778055407107
multi-output Tversky Loss final Model,Al,10.0,10.0,0.9824002623558045,0.7278939366340638,0.9807567596435548,0.4954233765602112,0.9850555062294006,0.8316171765327454,0.9916173875331878,0.8302548676729202,0.9834060847759247,0.7579282224178314,0.01818189574405546,0.10689550423994656,0.2545063257217407,0.16136251986026762,0.2254778623580933,0.0887136084958911
multi-output Tversky Loss final Model,Al_big_grains,10.0,10.0,0.9803156018257141,0.5751817196607589,0.9775395393371582,0.4807096719741821,0.9943203926086426,0.6806080937385559,0.9882759869098663,0.6269797295331955,0.9768872916698456,0.5330689966678619,0.014131169533356969,0.09756783246994014,0.40513388216495516,0.3612962573766708,0.44381829500198366,0.08343666293658317
multi-output Tversky Loss final Model,Al_deformed_LoG,10.0,10.0,0.9674163103103638,0.7866455554962158,0.9650864601135254,0.7457417249679565,0.9720597863197328,0.8178839683532715,0.9724752724170684,0.8816942930221557,0.9465890765190125,0.7906069695949555,0.01431444156914945,0.14105326682329172,0.18077075481414795,0.0907809793949127,0.155982106924057,0.12673882525414226
multi-output Tversky Loss final Model,Al_small_grains,10.0,10.0,0.96513130068779,0.7413634836673737,0.9611605405807496,0.6384090185165405,0.9747467041015624,0.7974414825439453,0.9710497558116913,0.8347821652889251,0.9439337432384491,0.7334420621395111,0.02124489257112139,0.10200294032692907,0.22376781702041626,0.13626759052276616,0.210491681098938,0.08075804775580768
multi-output Tversky Loss final Model,Cu,10.0,10.0,0.9579072773456574,0.6548462927341461,0.9521589279174804,0.4862515926361084,0.9683815240859984,0.7283821105957031,0.9589288294315338,0.7893301606178283,0.9213817238807678,0.6594373762607575,0.017405514977872318,0.20764565169811244,0.3030609846115113,0.16959866881370544,0.2619443476200103,0.19024013672024012
multi-output Tversky Loss final Model,IN718_twins,10.0,10.0,0.9863524734973907,0.8515310287475586,0.9856595396995544,0.5191018581390381,0.987135410308838,0.9228227138519288,0.9955626726150513,0.9184689462184906,0.9911681592464447,0.8737840294837952,0.01825987659394737,0.10846429765224452,0.13482144474983215,0.07709372639656065,0.11738412976264956,0.09020442105829715
multi-output Tversky Loss final Model,Iron,10.0,10.0,0.9637845873832702,0.6438780009746552,0.960899531841278,0.569291353225708,0.969236135482788,0.7192348837852478,0.9694787919521332,0.7484942615032196,0.9410183846950531,0.6262972354888916,0.015743501950055312,0.15528044588863846,0.319906586408615,0.22098453044891353,0.31472114920616145,0.13953694393858315
multi-output Tversky Loss final Model,Iron_deformed,10.0,10.0,0.9592162311077118,0.6278322666883469,0.9559245109558104,0.4550347030162811,0.9645997285842896,0.7409148216247559,0.9627426087856292,0.7230733543634414,0.9283330380916596,0.6184291005134582,0.016317379940301142,0.15906438939273354,0.3313839644193649,0.23966925442218778,0.30990393757820134,0.1427470094524324
multi-output Tversky Loss final Model,Ti7Al,10.0,10.0,0.9749749720096588,0.5056021988391877,0.970362901687622,0.3736295700073242,0.994027853012085,0.6237523555755615,0.9809937894344329,0.5586086064577103,0.9629057824611664,0.48347173929214476,0.01029867231845851,0.10121897943317885,0.4693727731704711,0.4223851829767227,0.47943404316902166,0.09092030711472035
multi-output Tversky Loss lr 1e-04,Al,10.0,10.0,0.9763588786125184,0.7179430246353149,0.9748021364212036,0.4856514930725097,0.9779323935508728,0.8125022649765015,0.992477822303772,0.7795078039169312,0.9850889086723328,0.6913350433111191,0.025490562431514218,0.10578094180673356,0.25841585397720346,0.21297001838684082,0.29375386536121373,0.08029037937521934
multi-output Tversky Loss lr 1e-04,Al_big_grains,10.0,10.0,0.9749600112438201,0.597469162940979,0.9722843170166016,0.4797898828983307,0.9888728857040404,0.672378659248352,0.9887381017208099,0.632612156867981,0.977779996395111,0.5421177566051483,0.02169882087036962,0.10629650987684722,0.3774908483028412,0.3561259448528289,0.43566223978996277,0.0845976890064776
multi-output Tversky Loss lr 1e-04,Al_deformed_LoG,10.0,10.0,0.9665605425834656,0.8185821294784545,0.9634990096092224,0.7606661319732666,0.9719470143318176,0.8468852639198303,0.9785657167434693,0.893901664018631,0.9582072913646698,0.8098510861396789,0.020763774216175028,0.11234279200434683,0.14797841310501103,0.08466405272483823,0.14835620522499082,0.09157901778817179
multi-output Tversky Loss lr 1e-04,Al_small_grains,10.0,10.0,0.9619140923023224,0.7380938172340393,0.9576307535171508,0.4685314893722534,0.9732191562652588,0.820093035697937,0.9747974574565887,0.8437338590621948,0.9510556757450104,0.7547614634037018,0.02718023732304569,0.10078341923654074,0.22382027506828306,0.13106359839439397,0.19629421234130862,0.07360318191349505
multi-output Tversky Loss lr 1e-04,Cu,10.0,10.0,0.9523030698299408,0.6536412239074707,0.9457030296325684,0.4856786131858825,0.9640963077545166,0.7213335633277893,0.9595497071743011,0.8031577646732331,0.9226977586746216,0.6802824378013611,0.02594390846788878,0.21271148771047588,0.29866184592247014,0.15639194250106803,0.24241532087326045,0.1867675792425871
multi-output Tversky Loss lr 1e-04,IN718_twins,10.0,10.0,0.9801879346370697,0.7517908811569214,0.9789482355117798,0.4389242529869079,0.9818862080574036,0.8322231769561768,0.9965783357620239,0.7826324105262756,0.9931852757930756,0.6685468196868897,0.026453045010566674,0.14378533065319057,0.22839705348014827,0.2139459252357483,0.3246384561061859,0.1173322856426239
multi-output Tversky Loss lr 1e-04,Iron,10.0,10.0,0.9626721203327179,0.6583412408828735,0.9596221446990968,0.5834491848945618,0.9676812887191772,0.7139638662338257,0.973853063583374,0.7397660136222839,0.9493094146251678,0.6162691622972488,0.02294871499761935,0.10178595893084999,0.3043308794498444,0.2340870499610901,0.333040252327919,0.07883724393323063
multi-output Tversky Loss lr 1e-04,Iron_deformed,10.0,10.0,0.9561532139778137,0.5811714679002762,0.9530205130577089,0.4219775199890136,0.959636688232422,0.6893264055252075,0.9677073538303376,0.6594741463661193,0.9375494182109833,0.5543549150228501,0.02431901115924116,0.16455531567335124,0.37498174607753754,0.30823320746421823,0.3831945031881332,0.1402363045141101
multi-output Tversky Loss lr 1e-04,Ti7Al,10.0,10.0,0.9688940286636353,0.47648068368434904,0.9651027917861938,0.38374924659729,0.9885547161102296,0.5776258707046509,0.9820823788642883,0.5014492630958557,0.9649540245532989,0.42119860649108887,0.01790432706475255,0.11105407439172263,0.49241334497928624,0.4806331157684326,0.5437554180622101,0.09314974732697008
multi-output Tversky Loss lr 3e-04,Al,10.0,10.0,0.9840860843658448,0.694024384021759,0.9823899269104004,0.478840172290802,0.9877820014953612,0.8019406199455261,0.9899168252944947,0.7371440976858139,0.9800863444805146,0.6524626553058624,0.01236161580309267,0.10413357932120555,0.29006170034408574,0.25277272760868075,0.3276236891746521,0.09177196351811288
multi-output Tversky Loss lr 3e-04,Al_big_grains,10.0,10.0,0.9821566045284271,0.49305843710899355,0.9787800908088684,0.3588160276412964,0.99232417345047,0.5868683457374573,0.9881258487701416,0.5258154243230819,0.9765956103801727,0.44800820052623747,0.01084743286482985,0.10301760081201787,0.48909816741943357,0.4623104244470597,0.5285874098539353,0.09217016794718802
multi-output Tversky Loss lr 3e-04,Al_deformed_LoG,10.0,10.0,0.9691897988319397,0.7457193374633789,0.9664704203605652,0.4197134375572204,0.97214537858963,0.8107936382293701,0.9736934959888458,0.8294297337532044,0.9489053606986999,0.7304883390665055,0.01345066558569665,0.1399289652705192,0.22347046136856075,0.1442637622356414,0.21841702163219445,0.12647829968482255
multi-output Tversky Loss lr 3e-04,Al_small_grains,10.0,10.0,0.9688884794712067,0.7298456072807312,0.9636785984039308,0.5057768821716309,0.9790743589401244,0.8006876707077026,0.9726592481136322,0.8533614635467529,0.9469977676868438,0.7646063059568405,0.015002871677279431,0.10296339746564623,0.23904287219047549,0.11929778456687934,0.1823914617300033,0.0879605257883668
multi-output Tversky Loss lr 3e-04,Cu,10.0,10.0,0.9575822174549102,0.5714680254459381,0.9506866931915284,0.4509087800979614,0.9715324640274048,0.6691768169403076,0.9578826308250428,0.7119528591632843,0.9195898354053498,0.5695088088512421,0.014872690197080318,0.26933725029230116,0.3861141920089721,0.24592977166175845,0.35008102655410767,0.25446456009522084
multi-output Tversky Loss lr 3e-04,IN718_twins,10.0,10.0,0.9896084427833557,0.6638503611087799,0.9884488582611084,0.517230749130249,0.9922705888748168,0.7577908039093018,0.996108204126358,0.6835661947727203,0.9922550916671753,0.5470756560564041,0.012550628557801192,0.1553975641727447,0.32575808167457576,0.31254200935363774,0.4451794356107712,0.1428469356149435
multi-output Tversky Loss lr 3e-04,Iron,10.0,10.0,0.9683180689811707,0.5532844364643097,0.9663488864898682,0.3118267953395843,0.9708306193351746,0.6325167417526245,0.9718093514442444,0.635073009133339,0.945414811372757,0.5358896240592003,0.01431204322725529,0.1326039338484406,0.415033632516861,0.33673634231090543,0.4095251873135567,0.11829189062118531
multi-output Tversky Loss lr 3e-04,Iron_deformed,10.0,10.0,0.9601329207420349,0.5643479555845261,0.9576916694641112,0.4462604522705078,0.9652308225631714,0.6771113872528076,0.9631898164749145,0.641464826464653,0.9290887594223023,0.5187624305486679,0.0147063885815441,0.16334063038229937,0.39578496515750883,0.32172499001026156,0.4103263288736344,0.14863424180075527
multi-output Tversky Loss lr 3e-04,Ti7Al,10.0,10.0,0.977916020154953,0.42910211384296415,0.9741626977920532,0.3666441142559051,0.9933354258537292,0.4731140434741974,0.9816330730915069,0.45892481207847596,0.9640948295593261,0.40200006067752836,0.00851466062013056,0.10839651413261883,0.5488139063119889,0.5227082610130309,0.5620947688817978,0.09988185351248827
multi-output Tversky Loss lr 5e-05,Al,10.0,10.0,0.9713730096817017,0.6339639812707901,0.9688889980316162,0.4715235531330108,0.9745937585830688,0.749822199344635,0.988800299167633,0.6981250315904617,0.9778896033763885,0.5848157912492752,0.03120911829173561,0.15106433294713495,0.3374090284109116,0.2906752675771713,0.39307381212711334,0.11985521465539933
multi-output Tversky Loss lr 5e-05,Al_big_grains,10.0,10.0,0.9693310260772705,0.5525632232427597,0.9649295210838318,0.4752432703971863,0.9879474639892578,0.6225721836090088,0.9846054077148437,0.6152147382497788,0.9697695910930634,0.5222966969013214,0.02431875094771381,0.11837760023772712,0.41676780283451076,0.36939066946506494,0.44747289419174197,0.0940588492900133
multi-output Tversky Loss lr 5e-05,Al_deformed_LoG,10.0,10.0,0.9541256487369537,0.7415680646896362,0.9508841037750244,0.6362438797950745,0.959391474723816,0.7863761186599731,0.9667694389820098,0.8021883726119995,0.9360048711299896,0.6774083435535431,0.02120431419461961,0.13139048889279362,0.2125575840473175,0.16458106637001035,0.2585965275764466,0.110186174698174
multi-output Tversky Loss lr 5e-05,Al_small_grains,10.0,10.0,0.9486960411071778,0.6787427961826324,0.9429019689559937,0.3693060874938965,0.9656538367271424,0.7705606818199158,0.9623233199119567,0.7413813948631287,0.9277621746063233,0.6320524990558625,0.03667009565979238,0.09150204770267006,0.2699532449245453,0.22094192504882804,0.2957096755504608,0.054831952042877684
multi-output Tversky Loss lr 5e-05,Cu,10.0,10.0,0.9303243517875671,0.6287937730550766,0.9213459491729736,0.474091500043869,0.9417616128921508,0.6875985860824585,0.937313437461853,0.7212944209575654,0.8827098488807679,0.5856587827205658,0.03428440950810905,0.1469000212848186,0.30153057873249056,0.21601901650428768,0.29705106616020205,0.11261561177670956
multi-output Tversky Loss lr 5e-05,IN718_twins,10.0,10.0,0.9771017730236053,0.647105461359024,0.9753690958023072,0.4602226018905639,0.9804742336273192,0.7562827467918396,0.9957680821418762,0.7218304812908173,0.9915798723697662,0.5742390513420105,0.03134789429605002,0.2221746131777763,0.3299963116645813,0.2739376008510589,0.4173408210277557,0.19082671888172625
multi-output Tversky Loss lr 5e-05,Iron,10.0,10.0,0.9478100717067719,0.5639086365699768,0.944649338722229,0.4012372493743896,0.9548996686935424,0.6440376043319702,0.9633767485618592,0.662822037935257,0.9295529186725616,0.5367305010557175,0.03130946103483434,0.1655356734991073,0.3839014351367951,0.3005547106266022,0.3928224176168441,0.13422621246427296
multi-output Tversky Loss lr 5e-05,Iron_deformed,10.0,10.0,0.9423554420471192,0.5746949344873429,0.9392771124839784,0.4142243564128876,0.9489316344261168,0.6735060214996338,0.9525503218173981,0.626690411567688,0.9097017645835876,0.5144774913787842,0.027654096856713238,0.16072354838252062,0.3676605075597763,0.32585991024971006,0.39522427320480347,0.13306945152580738
multi-output Tversky Loss lr 5e-05,Ti7Al,10.0,10.0,0.9570351421833039,0.4788481146097183,0.954413890838623,0.4008423686027527,0.9599206447601318,0.5391804575920105,0.9672319412231445,0.5265913993120194,0.9367998659610748,0.45085814893245696,0.018757641687989178,0.1065014280378818,0.47818702757358555,0.4406405419111251,0.4859417170286178,0.08774378634989263
