model,dataset,n_samples,dice_mean,iou_mean,rmse_mean,rmse_whole_mean,nrmse_mean,nrmse_whole_mean,nrmse_positive_mean,integrated_intensity_abs_relative_error_mean,spot_recognition_mean,spot_recognition_p10,soft_intensity_dice_mean,soft_intensity_dice_whole_mean
final_20260703-201335_augmented_spot_patches_e200_b10_lr0.0001_s1,IN718_twins,503,0.9380617356205555,0.8963475879689097,0.5888528028136456,0.32311888898224767,1.7096810299406944,1.7576567594621102,1.7096750159149852,1.6424339022006003,0.6746044671440693,0.6322675585746765,0.6606048307646339,0.6485823010711025
final_20260703-201335_augmented_spot_patches_e200_b10_lr0.0001_s1,Al,573,0.9303428980068387,0.881025139469959,0.6458211152653419,0.2082930916032866,2.3844594240812733,2.4340136676350603,2.3843318738862482,2.439955903805571,0.642260891604798,0.6026703476905823,0.5935353915520779,0.5880985499780632
final_20260703-201335_augmented_spot_patches_e200_b10_lr0.0001_s1,Al_big_grains,552,0.7806054013848737,0.6942525872879702,0.6238211001930893,0.23984189978733228,3.609522928686246,2339.869282266692,3.607733022313619,3.7399280869496474,0.5783921535248342,0.5116653919219971,0.46218843234406004,0.4280267883146155
final_20260703-201335_augmented_spot_patches_e200_b10_lr0.0001_s1,Al_deformed_LoG,576,0.6944804491164783,0.5640174681579487,0.5839084930614464,0.08027855178806931,1.801088893579112,1.8988186427288585,1.792355332730545,1.7076943246389016,0.5552859780275159,0.5040411055088043,0.5693505104475965,0.5524354773935758
final_20260703-201335_augmented_spot_patches_e200_b10_lr0.0001_s1,Ti7Al,580,0.6931311292381123,0.5896363237037741,0.5902166940528771,0.22048068024731915,3.2210640187921196,2962.218292619545,3.218081821347105,3.4095723577614487,0.5514572185689005,0.49183860421180725,0.3705301527190825,0.33176952938324417
final_20260703-201335_augmented_spot_patches_e200_b10_lr0.0001_s1,Al_small_grains,552,0.6911843285720417,0.5594846986342168,0.5530322913782321,0.07741169394938734,2.148258354568827,2.3484030964149945,2.146120395997296,2.036058140648664,0.5690760184349357,0.5061302959918976,0.6002417004302792,0.5646920742440051
final_20260703-201335_augmented_spot_patches_e200_b10_lr0.0001_s1,Iron,536,0.689259522247003,0.5728072465689324,0.5881777869454071,0.11872143126718367,2.9648373359397278,4.583915037339303,2.958192648505097,3.027055778248764,0.5505408669696815,0.4846918284893036,0.45803296638291274,0.41876906893257776
final_20260703-201335_augmented_spot_patches_e200_b10_lr0.0001_s1,Iron_deformed,557,0.6527005876790686,0.5202252956331311,0.5550899283034155,0.09446479703836425,1.9396717509846713,2.698866280447859,1.9312546904896064,1.880406574939697,0.548805330717799,0.49301674365997317,0.5397886713461774,0.46802681940649526
final_20260703-201335_augmented_spot_patches_e200_b10_lr0.0001_s1,Cu,571,0.5148489908453879,0.387755768781368,0.47728741662201657,0.051153455187294194,1.7627679943620846,2.2092754540217947,1.749557850970487,1.6634342241706082,0.5187807874900865,0.4230274558067322,0.4875475219377494,0.4485455129536981
final_20260707-111849_twoouts_augmented_spots_train_e200_b10_lr0.0001_s1,Al,573,0.9896449227191599,0.9807548964002786,0.631291009680763,0.19685106149778733,2.385558880956593,2.3890728993149537,2.38543524386371,2.5196324601431375,0.679176957299364,0.6375981092453002,0.6054935321653908,0.605043248564369
final_20260707-111849_twoouts_augmented_spots_train_e200_b10_lr0.0001_s1,IN718_twins,503,0.984677904287342,0.97400635741577,0.5743299506412112,0.30453279922544124,1.6745284564689424,1.685414897518651,1.6745225373603714,1.6653264667357413,0.7051739749567172,0.6657007455825805,0.6749237829126847,0.6722178680759301
final_20260707-111849_twoouts_augmented_spots_train_e200_b10_lr0.0001_s1,Al_deformed_LoG,576,0.970031839174529,0.9424321465194225,0.6523157737942206,0.0820976599611135,2.039033249227537,2.0399257976354823,2.0264360022006764,2.272995109876825,0.6588580306205485,0.6232099533081055,0.5760643841802247,0.5758690123653246
final_20260707-111849_twoouts_augmented_spots_train_e200_b10_lr0.0001_s1,Al_small_grains,552,0.9657573574695034,0.9346731220898421,0.6310648150418116,0.07886398588374689,2.539462195466394,2.543966603235922,2.5361757219053698,2.7664884689493454,0.6673462721316711,0.6333182096481323,0.5997339264098285,0.599190126510634
final_20260707-111849_twoouts_augmented_spots_train_e200_b10_lr0.0001_s1,Al_big_grains,552,0.9610802655418714,0.9302780939724998,0.7021533541273379,0.23522741041159717,4.642443487393683,4.723614358923573,4.6403145144383116,5.33620908467666,0.6294634551133799,0.5842773377895355,0.46185901839340077,0.4602267201989889
final_20260707-111849_twoouts_augmented_spots_train_e200_b10_lr0.0001_s1,Iron,536,0.9570619086943456,0.921027074665276,0.708537830790477,0.11755536983151045,4.161500245999934,4.18222318367282,4.152972207140567,4.899744904530582,0.6242620374506979,0.5898534655570984,0.46709355228205224,0.4658496109629745
final_20260707-111849_twoouts_augmented_spots_train_e200_b10_lr0.0001_s1,Iron_deformed,557,0.9526909196505212,0.9129507008746025,0.6827377350582897,0.09355355789834764,2.4589148965301377,2.478345792426241,2.4467923322314635,2.873355793781726,0.6349765902361707,0.6040421247482299,0.5217772954991304,0.5195024665746055
final_20260707-111849_twoouts_augmented_spots_train_e200_b10_lr0.0001_s1,Ti7Al,580,0.9427247348016706,0.9011770220666097,0.7490164897565184,0.23517850632297582,4.660205077405633,16.47818205541578,4.656661290752477,5.786345954804585,0.5968541223427345,0.5680721640586853,0.3762390192726563,0.3722548810058627
final_20260707-111849_twoouts_augmented_spots_train_e200_b10_lr0.0001_s1,Cu,571,0.9425954523312022,0.8937251689972685,0.6573067499543238,0.059644048814963546,2.870450179652032,2.888932047708648,2.846340947727397,3.317026862434247,0.6426443507708935,0.6092363595962524,0.5518538409064405,0.5499028902233377
final_20260717-084426_augmented_spots_train_e200_b10_lr0.0001_s1,IN718_twins,503,0.9664460767808539,0.9392805617324874,0.02925910473899327,0.018114538273587083,0.07932408229183131,0.09290810069346997,0.07933075306474215,0.035584224293575016,0.9685934851942195,0.9427531480789184,0.9924223002335186,0.9886801829394953
final_20260717-084426_augmented_spots_train_e200_b10_lr0.0001_s1,Al,573,0.956116806462173,0.9224907506198783,0.032617345086606075,0.0106955571888408,0.10682791708131527,0.1201010860931811,0.10693100457572188,0.04802586214477115,0.961749729061626,0.940630030632019,0.9843497221174456,0.9807927381721883
final_20260717-084426_augmented_spots_train_e200_b10_lr0.0001_s1,Al_deformed_LoG,576,0.9277958104179965,0.8706664874528846,0.05710900568212512,0.006884520827144216,0.17141252638409948,0.1906827136052824,0.18319403011507043,0.09134528322869705,0.9353434038865898,0.8828324973583221,0.9706248906958435,0.9653997715666063
final_20260717-084426_augmented_spots_train_e200_b10_lr0.0001_s1,Al_small_grains,552,0.9189008888990983,0.8575096095277779,0.05278119963991955,0.006819151302266434,0.16971176494236873,0.18693016551812922,0.17364511167819519,0.09090403040518404,0.9330598446338073,0.889273715019226,0.9693060785639978,0.9641228834895984
final_20260717-084426_augmented_spots_train_e200_b10_lr0.0001_s1,Iron_deformed,557,0.8535914123058319,0.7685101782933171,0.0850474129897447,0.01240169014459847,0.2808129649401995,0.3435960484591699,0.288430994767796,0.1726381705707705,0.8842719998779159,0.787936270236969,0.9169859019387346,0.8985258337090216
final_20260717-084426_augmented_spots_train_e200_b10_lr0.0001_s1,Cu,571,0.8526694542889838,0.7636231605726866,0.10625302089759901,0.010076422095070422,0.3508987580401572,0.4290020164761255,0.37104620385243053,0.23720415742601383,0.8732082156917886,0.7579426765441895,0.8724076932658247,0.8526968662145885
final_20260717-084426_augmented_spots_train_e200_b10_lr0.0001_s1,Al_big_grains,552,0.8407743959755137,0.7714349284390176,0.060693420874683754,0.02460349026449072,0.29421025408647844,518.2183765853162,0.29537844690291776,0.17565552090746822,0.8900404872669689,0.7547065019607544,0.8874362576213004,0.8530298728576821
final_20260717-084426_augmented_spots_train_e200_b10_lr0.0001_s1,Iron,536,0.8366417663533297,0.7572191368176866,0.07526658060300205,0.013236785337281997,0.3200594446649636,0.4106395979995714,0.3256881645699935,0.20154040039572588,0.8806875944137573,0.7382363379001617,0.8737534006584936,0.8551382332929035
final_20260717-084426_augmented_spots_train_e200_b10_lr0.0001_s1,Ti7Al,580,0.760827553888847,0.6747138240214052,0.08026718207522585,0.028626477254297712,0.4150264824596073,207.54445482486346,0.4162809180834427,0.2901133927267751,0.840280186410608,0.7045992970466614,0.7900435852079556,0.759448565080248
final_20260719-084743_augmented_spots_train_e200_b100_lr0.0001_s1,IN718_twins,503,0.9898960687531154,0.9809618813854089,0.01629167254440205,0.009405800707964134,0.045662735490717185,0.05002462698765114,0.04566796368199066,0.014681375854547742,0.9868021990148496,0.9797731876373291,0.9974134962554007,0.9965587367357364
final_20260719-084743_augmented_spots_train_e200_b100_lr0.0001_s1,Al,573,0.9786735533835792,0.9612110569214946,0.02224968658048289,0.006682034414692296,0.07515072405182255,0.0782759901051642,0.07524254935977243,0.02796872970203172,0.9782119340297439,0.9666322350502015,0.9919177686980881,0.99136503641518
final_20260719-084743_augmented_spots_train_e200_b100_lr0.0001_s1,Al_deformed_LoG,576,0.9485653817860616,0.9045640080132418,0.04354454892988239,0.004959328296334004,0.12998164959329492,0.1377676827558187,0.1406264831214988,0.05910909936716911,0.952510417956445,0.9119736552238464,0.984329973657926,0.9822090053930879
final_20260719-084743_augmented_spots_train_e200_b100_lr0.0001_s1,Al_small_grains,552,0.9457061094218406,0.9010530375484107,0.04062877091253514,0.005132420324208805,0.13032284479561276,0.14133550184171484,0.13388694637198595,0.06144020128255985,0.9525386699731799,0.9258826076984406,0.9819410286735797,0.9788981946050257
final_20260719-084743_augmented_spots_train_e200_b100_lr0.0001_s1,Al_big_grains,552,0.9025580884645814,0.8509045700016229,0.04143657992086525,0.014622088456762604,0.20850667148529875,0.31244684824976476,0.20962951340260444,0.11316337418954218,0.9305607538292373,0.841495406627655,0.9346670617983825,0.9199795014076475
final_20260719-084743_augmented_spots_train_e200_b100_lr0.0001_s1,Iron_deformed,557,0.8974518812858437,0.8300031807200057,0.06922411209363591,0.009491717045082957,0.23152171035215285,0.2616559954885146,0.23907115725094796,0.13131002596031066,0.9141138856244044,0.8343133687973022,0.9412635096634739,0.9314464636722202
final_20260719-084743_augmented_spots_train_e200_b100_lr0.0001_s1,Cu,571,0.8956334993843439,0.8208241212180116,0.08111145037622722,0.007413354481492133,0.2855281974131897,0.3256289825274001,0.3061037266499733,0.17516942272425975,0.907261025675959,0.8251766562461853,0.9304042959589048,0.9198329626156863
final_20260719-084743_augmented_spots_train_e200_b100_lr0.0001_s1,Iron,536,0.8933307857099754,0.831246970582809,0.05853391958508335,0.009594205680473554,0.24490144240336298,0.29414139864549266,0.2505457658883629,0.1485622453945515,0.9173984312966689,0.8057746589183807,0.917216767292859,0.9062425241207899
final_20260719-084743_augmented_spots_train_e200_b100_lr0.0001_s1,Ti7Al,580,0.8546136126949869,0.7880795502457125,0.057844340795117175,0.018626017316248557,0.3057967386164317,1.4178541891437408,0.3071286337931865,0.1945345522103237,0.8983846350990493,0.7642495036125183,0.8719923940712008,0.8561654765544267
final_20260721-011126_augmented_spots_train_e200_b10_lr0.0001_s1,IN718_twins,503,0.9898370998517182,0.9807064157594032,0.02059903614515546,0.01243445008278456,0.05730651897446773,0.06514090070756481,0.057312854062062255,0.022444754086294125,0.984619032673049,0.9749520778656006,0.9960444763924919,0.9942417372292126
final_20260721-011126_augmented_spots_train_e200_b10_lr0.0001_s1,Al,573,0.9792577422518173,0.961837199033867,0.023645455215977957,0.007235683587316365,0.07923205386372657,0.0835864038838896,0.0793474871522209,0.033751412421581944,0.9778061416552745,0.9669866561889648,0.9911046074947137,0.9900186591331456
final_20260721-011126_augmented_spots_train_e200_b10_lr0.0001_s1,Al_deformed_LoG,576,0.9514442294215163,0.9100183175048895,0.04358487144862819,0.004966129422326857,0.12959417788079008,0.1362116030520863,0.1407655466787724,0.06528958184612242,0.9539296791578332,0.9137534499168396,0.9827657129822506,0.9810523640157448
final_20260721-011126_augmented_spots_train_e200_b10_lr0.0001_s1,Al_small_grains,552,0.9482571827112765,0.9053235545862413,0.040242048424999295,0.005067165114071585,0.13212196221507655,0.14178756989228228,0.1360819673071197,0.0644073909480948,0.9540075675948806,0.9235124945640564,0.9815420139095058,0.9790147318896176
final_20260721-011126_augmented_spots_train_e200_b10_lr0.0001_s1,Cu,571,0.8915614524363636,0.8172477425292995,0.08124073919548201,0.007540924823435183,0.2819482533297063,0.33434386273451316,0.30308605646698256,0.17417649908689375,0.905160354753718,0.8205119967460632,0.9278640563350217,0.9133418914837511
final_20260721-011126_augmented_spots_train_e200_b10_lr0.0001_s1,Iron_deformed,557,0.8900855272419791,0.8226288001134965,0.07242961325373373,0.01020770492916258,0.2407336568583599,0.27769481204784535,0.24873571428913402,0.14125864158085208,0.9088279572808764,0.8202676773071289,0.934128273539312,0.9218288578186685
final_20260721-011126_augmented_spots_train_e200_b10_lr0.0001_s1,Al_big_grains,552,0.8880039333109406,0.8323491901375245,0.04742229936401481,0.017801550338449684,0.2344115933123301,0.3540755154504238,0.23556008250908117,0.1353414126720779,0.9202908159814019,0.800934624671936,0.9198559823891391,0.8982805398063384
final_20260721-011126_augmented_spots_train_e200_b10_lr0.0001_s1,Iron,536,0.8806915403302036,0.8160292344974048,0.061678212568678184,0.010634812094191256,0.2615159089232225,0.35499334920531334,0.2673671259093029,0.15744594413328417,0.909506662790455,0.7871374487876892,0.9084424770145274,0.8937184584896956
final_20260721-011126_augmented_spots_train_e200_b10_lr0.0001_s1,Ti7Al,580,0.8286603602869758,0.753910698767366,0.0653008292439185,0.02223722939901375,0.3413456682942743,0.5862539159487291,0.3426803853443085,0.22100759802691253,0.8816797670619241,0.747494649887085,0.8500764821110101,0.8289239254491082
final_20260721-102717_to_newloss_augmented_spots_train_e200_b10_lr0.0001_s1,IN718_twins,503,0.9545519189616558,0.918286408036651,0.021226990029260248,0.01421787684401923,0.057336718762371224,0.07363140704499087,0.057343656249033294,0.027828196800549036,0.9666624634450757,0.9424754619598389,0.9955328765730734,0.9918731961762218
final_20260721-102717_to_newloss_augmented_spots_train_e200_b10_lr0.0001_s1,Al,573,0.932801482669138,0.8828370943535477,0.02225919648839151,0.007333380312180995,0.07337665242219367,0.08062295816890752,0.07348965293358863,0.03329389302765408,0.9552711415873356,0.9311372995376587,0.9929473134859694,0.9916006500392268
final_20260721-102717_to_newloss_augmented_spots_train_e200_b10_lr0.0001_s1,Al_deformed_LoG,576,0.9170360796981387,0.8523143689251609,0.032107095491179884,0.004032084934200005,0.09571448581927042,0.10991071590170678,0.10929157591696519,0.045106642918350794,0.9424644938359658,0.9069469571113586,0.99117571198278,0.9876440735533834
final_20260721-102717_to_newloss_augmented_spots_train_e200_b10_lr0.0001_s1,Al_small_grains,552,0.9137300374931183,0.8478630185127258,0.03396903593903002,0.0045519267993201365,0.10997898583772822,0.12339620201079093,0.11458190906779382,0.053777076986422624,0.9398804993733115,0.9022013247013092,0.9879942284761996,0.9844537042621253
final_20260721-102717_to_newloss_augmented_spots_train_e200_b10_lr0.0001_s1,Cu,571,0.8568677390728231,0.7666482821550553,0.06243119417769662,0.006266449443953545,0.2124653620133258,0.2732843106739784,0.2382278419319938,0.12451627070519293,0.8972182712287703,0.8238818645477295,0.9538334475507252,0.9353896854429028
final_20260721-102717_to_newloss_augmented_spots_train_e200_b10_lr0.0001_s1,Iron,536,0.8498132782084729,0.7670258713969543,0.044879362176506045,0.008373663264219023,0.1883632399371144,0.27744866818634434,0.19542499916947711,0.09707677444276303,0.9024669581384801,0.8259819447994232,0.9547889579587908,0.9328408649385865
final_20260721-102717_to_newloss_augmented_spots_train_e200_b10_lr0.0001_s1,Al_big_grains,552,0.8487259014577105,0.7738602821161782,0.039909398607973795,0.016370220407396486,0.2018812146709314,1.4815543629195325,0.20328969402454686,0.10981088712224332,0.9044082491942074,0.8215872347354889,0.9424601375408794,0.9193763462961584
final_20260721-102717_to_newloss_augmented_spots_train_e200_b10_lr0.0001_s1,Iron_deformed,557,0.841618381668036,0.7508494781206497,0.05656882249240227,0.008607043375246915,0.19000969770326007,0.2468879930440945,0.19986747466094618,0.10066223838717694,0.8925247796990071,0.8238027572631836,0.9638245778302102,0.9461040317584197
final_20260721-102717_to_newloss_augmented_spots_train_e200_b10_lr0.0001_s1,Ti7Al,580,0.8116801976643759,0.7197228825297849,0.05093223035118767,0.019322322639596552,0.26443494897303654,3.2441735904984945,0.2659975479485403,0.14839184559351798,0.8803739845752716,0.8063187003135681,0.9124972575697405,0.8785004886573758
