source,evaluation_set,model_label,model_id,metric,metric_column,n,mean,sd,pinned_table_value,mean_minus_pinned,matches_pinned_to_4dp,mean_sd,sd_fmt
two_output,validation_or_train_split_in_file,Two-output reconstruction loss,final_20260721-102717_to_newloss_augmented_spots_train_e200_b10_lr0.0001_s1,Dice,dice_mean,5000,0.8800101348757744,0.08505836263194246,0.88,1.0134875774392427e-05,True,0.8800 +/- 0.0851,0.0851
two_output,validation_or_train_split_in_file,Two-output reconstruction loss,final_20260721-102717_to_newloss_augmented_spots_train_e200_b10_lr0.0001_s1,RMSE,rmse_mean,5000,0.04069187123589213,0.040719928813882075,0.0407,-8.128764107870334e-06,True,0.0407 +/- 0.0407,0.0407
two_output,validation_or_train_split_in_file,Two-output reconstruction loss,final_20260721-102717_to_newloss_augmented_spots_train_e200_b10_lr0.0001_s1,RMSE whole,rmse_whole_mean,5000,0.009858524316945063,0.013888123189716812,0.0099,-4.147568305493815e-05,True,0.0099 +/- 0.0139,0.0139
two_output,validation_or_train_split_in_file,Two-output reconstruction loss,final_20260721-102717_to_newloss_augmented_spots_train_e200_b10_lr0.0001_s1,Soft Dice whole,soft_intensity_dice_whole_mean,5000,0.9515034015059471,0.10106665030861886,0.9515,3.4015059471315112e-06,True,0.9515 +/- 0.1011,0.1011
two_output,validation_or_train_split_in_file,Two-output reconstruction loss,final_20260721-102717_to_newloss_augmented_spots_train_e200_b10_lr0.0001_s1,Recognition,spot_recognition_mean,5000,0.9196591313362121,0.052920290818586437,0.9197,-4.086866378782972e-05,True,0.9197 +/- 0.0529,0.0529
two_output,validation_or_train_split_in_file,"Two-output Tversky loss, small dataset",final_20260703-201335_augmented_spot_patches_e200_b10_lr0.0001_s1,Dice,dice_mean,5000,0.7292744726389646,0.18586936202300613,0.7293,-2.5527361035337925e-05,True,0.7293 +/- 0.1859,0.1859
two_output,validation_or_train_split_in_file,"Two-output Tversky loss, small dataset",final_20260703-201335_augmented_spot_patches_e200_b10_lr0.0001_s1,RMSE,rmse_mean,5000,0.5783016008645296,0.11258792335911981,0.5783,1.6008645296050616e-06,True,0.5783 +/- 0.1126,0.1126
two_output,validation_or_train_split_in_file,"Two-output Tversky loss, small dataset",final_20260703-201335_augmented_spot_patches_e200_b10_lr0.0001_s1,RMSE whole,rmse_whole_mean,5000,0.15531683375686403,0.10425827539457429,0.1553,1.683375686403754e-05,True,0.1553 +/- 0.1043,0.1043
two_output,validation_or_train_split_in_file,"Two-output Tversky loss, small dataset",final_20260703-201335_augmented_spot_patches_e200_b10_lr0.0001_s1,Soft Dice whole,soft_intensity_dice_whole_mean,5000,0.4926195975966752,0.14646949835384301,0.4926,1.9597596675191564e-05,True,0.4926 +/- 0.1465,0.1465
two_output,validation_or_train_split_in_file,"Two-output Tversky loss, small dataset",final_20260703-201335_augmented_spot_patches_e200_b10_lr0.0001_s1,Recognition,spot_recognition_mean,5000,0.5754864364922047,0.06673892828084191,0.5755,-1.3563507795355534e-05,True,0.5755 +/- 0.0667,0.0667
two_output,validation_or_train_split_in_file,Two-output Tversky loss,final_20260707-111849_twoouts_augmented_spots_train_e200_b10_lr0.0001_s1,Dice,dice_mean,5000,0.9626697217226028,0.041211100025045244,0.9627,-3.0278277397211006e-05,True,0.9627 +/- 0.0412,0.0412
two_output,validation_or_train_split_in_file,Two-output Tversky loss,final_20260707-111849_twoouts_augmented_spots_train_e200_b10_lr0.0001_s1,RMSE,rmse_mean,5000,0.6664201885640622,0.07790590083956436,0.6664,2.0188564062162406e-05,True,0.6664 +/- 0.0779,0.0779
two_output,validation_or_train_split_in_file,Two-output Tversky loss,final_20260707-111849_twoouts_augmented_spots_train_e200_b10_lr0.0001_s1,RMSE whole,rmse_whole_mean,5000,0.15444433093219992,0.10049605174101683,0.1544,4.433093219990969e-05,True,0.1544 +/- 0.1005,0.1005
two_output,validation_or_train_split_in_file,Two-output Tversky loss,final_20260707-111849_twoouts_augmented_spots_train_e200_b10_lr0.0001_s1,Soft Dice whole,soft_intensity_dice_whole_mean,5000,0.5340549332469702,0.1273224362376391,0.5341,-4.50667530298432e-05,True,0.5341 +/- 0.1273,0.1273
two_output,validation_or_train_split_in_file,Two-output Tversky loss,final_20260707-111849_twoouts_augmented_spots_train_e200_b10_lr0.0001_s1,Recognition,spot_recognition_mean,5000,0.6481247658193111,0.04354475123208466,0.6481,2.476581931110111e-05,True,0.6481 +/- 0.0435,0.0435
two_output,validation_or_train_split_in_file,Two-output L1 loss,final_20260721-011126_augmented_spots_train_e200_b10_lr0.0001_s1,Dice,dice_mean,5000,0.9156367324650287,0.099724100401854,0.9156,3.673246502877703e-05,True,0.9156 +/- 0.0997,0.0997
two_output,validation_or_train_split_in_file,Two-output L1 loss,final_20260721-011126_augmented_spots_train_e200_b10_lr0.0001_s1,RMSE,rmse_mean,5000,0.05101430530298962,0.05230361954656089,0.051,1.4305302989625623e-05,True,0.0510 +/- 0.0523,0.0523
two_output,validation_or_train_split_in_file,Two-output L1 loss,final_20260721-011126_augmented_spots_train_e200_b10_lr0.0001_s1,RMSE whole,rmse_whole_mean,5000,0.010894801723572843,0.014749333248280542,0.0109,-5.198276427156867e-06,True,0.0109 +/- 0.0147,0.0147
two_output,validation_or_train_split_in_file,Two-output L1 loss,final_20260721-011126_augmented_spots_train_e200_b10_lr0.0001_s1,Soft Dice whole,soft_intensity_dice_whole_mean,5000,0.9327046603024006,0.12806897539771747,0.9327,4.660302400649741e-06,True,0.9327 +/- 0.1281,0.1281
two_output,validation_or_train_split_in_file,Two-output L1 loss,final_20260721-011126_augmented_spots_train_e200_b10_lr0.0001_s1,Recognition,spot_recognition_mean,5000,0.9323112132906913,0.06752316977115141,0.9323,1.121329069131427e-05,True,0.9323 +/- 0.0675,0.0675
two_output,validation_or_train_split_in_file,"Two-output L1 loss, 32 base channels",final_20260717-084426_augmented_spots_train_e200_b10_lr0.0001_s1,Dice,dice_mean,5000,0.8783546187698841,0.11740996217726692,0.8784,-4.53812301158818e-05,True,0.8784 +/- 0.1174,0.1174
two_output,validation_or_train_split_in_file,"Two-output L1 loss, 32 base channels",final_20260717-084426_augmented_spots_train_e200_b10_lr0.0001_s1,RMSE,rmse_mean,5000,0.06477591659799213,0.060974196573823546,0.0648,-2.408340200786563e-05,True,0.0648 +/- 0.0610,0.0610
two_output,validation_or_train_split_in_file,"Two-output L1 loss, 32 base channels",final_20260717-084426_augmented_spots_train_e200_b10_lr0.0001_s1,RMSE whole,rmse_whole_mean,5000,0.014582120267441444,0.018298618570335975,0.0146,-1.787973255855564e-05,True,0.0146 +/- 0.0183,0.0183
two_output,validation_or_train_split_in_file,"Two-output L1 loss, 32 base channels",final_20260717-084426_augmented_spots_train_e200_b10_lr0.0001_s1,Soft Dice whole,soft_intensity_dice_whole_mean,5000,0.9009284043386578,0.16035284876533878,0.9009,2.8404338657805894e-05,True,0.9009 +/- 0.1604,0.1604
two_output,validation_or_train_split_in_file,"Two-output L1 loss, 32 base channels",final_20260717-084426_augmented_spots_train_e200_b10_lr0.0001_s1,Recognition,spot_recognition_mean,5000,0.9067893510937691,0.07824243403344613,0.9068,-1.0648906230925625e-05,True,0.9068 +/- 0.0782,0.0782
two_output,validation_or_train_split_in_file,"Two-output L1 loss, batch size 100",final_20260719-084743_augmented_spots_train_e200_b100_lr0.0001_s1,Dice,dice_mean,5000,0.9222203576683998,0.08879595719651419,0.9222,2.035766839980635e-05,True,0.9222 +/- 0.0888,0.0888
two_output,validation_or_train_split_in_file,"Two-output L1 loss, batch size 100",final_20260719-084743_augmented_spots_train_e200_b100_lr0.0001_s1,RMSE,rmse_mean,5000,0.048224376540770705,0.05085293364870677,0.0482,2.4376540770705557e-05,True,0.0482 +/- 0.0509,0.0509
two_output,validation_or_train_split_in_file,"Two-output L1 loss, batch size 100",final_20260719-084743_augmented_spots_train_e200_b100_lr0.0001_s1,RMSE whole,rmse_whole_mean,5000,0.009557296302542042,0.01201166622953303,0.0096,-4.2703697457957546e-05,True,0.0096 +/- 0.0120,0.0120
two_output,validation_or_train_split_in_file,"Two-output L1 loss, batch size 100",final_20260719-084743_augmented_spots_train_e200_b100_lr0.0001_s1,Soft Dice whole,soft_intensity_dice_whole_mean,5000,0.9419232713997364,0.1170011851027314,0.9419,2.3271399736457532e-05,True,0.9419 +/- 0.1170,0.1170
two_output,validation_or_train_split_in_file,"Two-output L1 loss, batch size 100",final_20260719-084743_augmented_spots_train_e200_b100_lr0.0001_s1,Recognition,spot_recognition_mean,5000,0.9369979908943177,0.06141827864231335,0.937,-2.0091056823767772e-06,True,0.9370 +/- 0.0614,0.0614
one_output,validation_or_train_split_in_file,One-output Dice/L1 loss,final_20260702-145153_augmented_spots_train_e200_b10_lr0.0001_s1,Dice,dice_mean,5000,0.6843063085496426,0.14118252738962025,0.6843,6.30854964256411e-06,True,0.6843 +/- 0.1412,0.1412
one_output,validation_or_train_split_in_file,One-output Dice/L1 loss,final_20260702-145153_augmented_spots_train_e200_b10_lr0.0001_s1,RMSE,rmse_mean,5000,0.13499827879853543,0.06422253021409592,0.135,-1.7212014645773266e-06,True,0.1350 +/- 0.0642,0.0642
one_output,validation_or_train_split_in_file,One-output Dice/L1 loss,final_20260702-145153_augmented_spots_train_e200_b10_lr0.0001_s1,RMSE whole,rmse_whole_mean,5000,0.03370708084357898,0.0267861602107926,0.0337,7.080843578977092e-06,True,0.0337 +/- 0.0268,0.0268
one_output,validation_or_train_split_in_file,One-output Dice/L1 loss,final_20260702-145153_augmented_spots_train_e200_b10_lr0.0001_s1,Soft Dice whole,soft_intensity_dice_whole_mean,5000,0.7997406891703606,0.14560127353345534,0.7997,4.068917036059716e-05,True,0.7997 +/- 0.1456,0.1456
one_output,validation_or_train_split_in_file,One-output Dice/L1 loss,final_20260702-145153_augmented_spots_train_e200_b10_lr0.0001_s1,Recognition,spot_recognition_mean,5000,0.7746540147781372,0.07697124929141179,0.7747,-4.598522186283205e-05,True,0.7747 +/- 0.0770,0.0770
one_output,validation_or_train_split_in_file,One-output Tversky loss,final_20260727-152943_oneoutput_augmented_spots_train_e2000_b10_lr0.0001_s1,Dice,dice_mean,5000,0.6290881281167269,0.20748837620341012,0.6291,-1.1871883273117945e-05,True,0.6291 +/- 0.2075,0.2075
one_output,validation_or_train_split_in_file,One-output Tversky loss,final_20260727-152943_oneoutput_augmented_spots_train_e2000_b10_lr0.0001_s1,RMSE,rmse_mean,5000,0.1652301817994326,0.09140765644674335,0.1652,3.0181799432593692e-05,True,0.1652 +/- 0.0914,0.0914
one_output,validation_or_train_split_in_file,One-output Tversky loss,final_20260727-152943_oneoutput_augmented_spots_train_e2000_b10_lr0.0001_s1,RMSE whole,rmse_whole_mean,5000,0.039027917575040025,0.03799771607924007,0.039,2.7917575040024845e-05,True,0.0390 +/- 0.0380,0.0380
one_output,validation_or_train_split_in_file,One-output Tversky loss,final_20260727-152943_oneoutput_augmented_spots_train_e2000_b10_lr0.0001_s1,Soft Dice whole,soft_intensity_dice_whole_mean,5000,0.6313829644948245,0.21179966530774327,0.6314,-1.7035505175511112e-05,True,0.6314 +/- 0.2118,0.2118
one_output,validation_or_train_split_in_file,One-output Tversky loss,final_20260727-152943_oneoutput_augmented_spots_train_e2000_b10_lr0.0001_s1,Recognition,spot_recognition_mean,5000,0.7319289729177951,0.12477927649606736,0.7319,2.8972917795133668e-05,True,0.7319 +/- 0.1248,0.1248
multi_output,validation_or_train_split_in_file,"Multi-output BCE/MSE loss, small dataset",final_20260704-022731_augmented_spot_patches_with_masks_e200_b10_lr0.0001_s1,Dice,dice_mean,5000,0.6438725668430328,0.16207841916109078,0.6439,-2.7433156967182626e-05,True,0.6439 +/- 0.1621,0.1621
multi_output,validation_or_train_split_in_file,"Multi-output BCE/MSE loss, small dataset",final_20260704-022731_augmented_spot_patches_with_masks_e200_b10_lr0.0001_s1,RMSE,rmse_mean,5000,0.1459550835181027,0.0585766835542816,0.146,-4.491648189727804e-05,True,0.1460 +/- 0.0586,0.0586
multi_output,validation_or_train_split_in_file,"Multi-output BCE/MSE loss, small dataset",final_20260704-022731_augmented_spot_patches_with_masks_e200_b10_lr0.0001_s1,RMSE whole,rmse_whole_mean,5000,0.04972459401870142,0.04972729926724347,0.0497,2.4594018701418197e-05,True,0.0497 +/- 0.0497,0.0497
multi_output,validation_or_train_split_in_file,"Multi-output BCE/MSE loss, small dataset",final_20260704-022731_augmented_spot_patches_with_masks_e200_b10_lr0.0001_s1,Soft Dice whole,soft_intensity_dice_whole_mean,5000,0.6282567257523537,0.1850602476609401,0.6283,-4.327424764627441e-05,True,0.6283 +/- 0.1851,0.1851
multi_output,validation_or_train_split_in_file,"Multi-output BCE/MSE loss, small dataset",final_20260704-022731_augmented_spot_patches_with_masks_e200_b10_lr0.0001_s1,Recognition,spot_recognition_mean,5000,0.7489587416768074,0.09573274050000356,0.749,-4.125832319257228e-05,True,0.7490 +/- 0.0957,0.0957
multi_output,validation_or_train_split_in_file,Multi-output BCE/MSE loss,final_20260709-141342_augmented_spots_train_pin_e200_b10_lr0.0001_s1,Dice,dice_mean,5000,0.8213728568196297,0.12748121671966975,0.8214,-2.7143180370337028e-05,True,0.8214 +/- 0.1275,0.1275
multi_output,validation_or_train_split_in_file,Multi-output BCE/MSE loss,final_20260709-141342_augmented_spots_train_pin_e200_b10_lr0.0001_s1,RMSE,rmse_mean,5000,0.127253475730773,0.06861974240548376,0.1273,-4.652426922699404e-05,True,0.1273 +/- 0.0686,0.0686
multi_output,validation_or_train_split_in_file,Multi-output BCE/MSE loss,final_20260709-141342_augmented_spots_train_pin_e200_b10_lr0.0001_s1,RMSE whole,rmse_whole_mean,5000,0.030917578712105705,0.027208740230982353,0.0309,1.7578712105704997e-05,True,0.0309 +/- 0.0272,0.0272
multi_output,validation_or_train_split_in_file,Multi-output BCE/MSE loss,final_20260709-141342_augmented_spots_train_pin_e200_b10_lr0.0001_s1,Soft Dice whole,soft_intensity_dice_whole_mean,5000,0.7869059345155954,0.17001665421283502,0.7869,5.934515595384937e-06,True,0.7869 +/- 0.1700,0.1700
multi_output,validation_or_train_split_in_file,Multi-output BCE/MSE loss,final_20260709-141342_augmented_spots_train_pin_e200_b10_lr0.0001_s1,Recognition,spot_recognition_mean,5000,0.8470596902370453,0.08637963947194204,0.8471,-4.0309762954660044e-05,True,0.8471 +/- 0.0864,0.0864
multi_output,validation_or_train_split_in_file,"Multi-output Tversky loss, 32 base channels",final_20260720-153845_augmented_spots_train_e200_b10_lr0.0001_s1,Dice,dice_mean,5000,0.9294443248689175,0.06248710311200906,0.9294,4.4324868917478e-05,True,0.9294 +/- 0.0625,0.0625
multi_output,validation_or_train_split_in_file,"Multi-output Tversky loss, 32 base channels",final_20260720-153845_augmented_spots_train_e200_b10_lr0.0001_s1,RMSE,rmse_mean,5000,0.04314353901916179,0.03280504202594181,0.0431,4.353901916179237e-05,True,0.0431 +/- 0.0328,0.0328
multi_output,validation_or_train_split_in_file,"Multi-output Tversky loss, 32 base channels",final_20260720-153845_augmented_spots_train_e200_b10_lr0.0001_s1,RMSE whole,rmse_whole_mean,5000,0.010396212761523154,0.01970329845616653,0.0104,-3.7872384768457973e-06,True,0.0104 +/- 0.0197,0.0197
multi_output,validation_or_train_split_in_file,"Multi-output Tversky loss, 32 base channels",final_20260720-153845_augmented_spots_train_e200_b10_lr0.0001_s1,Soft Dice whole,soft_intensity_dice_whole_mean,5000,0.9685475760042668,0.07562309048250154,0.9685,4.757600426674724e-05,True,0.9685 +/- 0.0756,0.0756
multi_output,validation_or_train_split_in_file,"Multi-output Tversky loss, 32 base channels",final_20260720-153845_augmented_spots_train_e200_b10_lr0.0001_s1,Recognition,spot_recognition_mean,5000,0.9431503931879998,0.04237803429448157,0.9432,-4.9606812000280165e-05,True,0.9432 +/- 0.0424,0.0424
multi_output,validation_or_train_split_in_file,"Multi-output Tversky loss, batch size 100",final_20260721-204034_augmented_spots_train_e200_b100_lr0.0001_s1,Dice,dice_mean,5000,0.9332073234021664,0.0556561671873696,0.9332,7.323402166359294e-06,True,0.9332 +/- 0.0557,0.0557
multi_output,validation_or_train_split_in_file,"Multi-output Tversky loss, batch size 100",final_20260721-204034_augmented_spots_train_e200_b100_lr0.0001_s1,RMSE,rmse_mean,5000,0.04113650227626781,0.03286265592946557,0.0411,3.650227626781494e-05,True,0.0411 +/- 0.0329,0.0329
multi_output,validation_or_train_split_in_file,"Multi-output Tversky loss, batch size 100",final_20260721-204034_augmented_spots_train_e200_b100_lr0.0001_s1,RMSE whole,rmse_whole_mean,5000,0.009498901384812729,0.013572211328910943,0.0095,-1.0986151872706407e-06,True,0.0095 +/- 0.0136,0.0136
multi_output,validation_or_train_split_in_file,"Multi-output Tversky loss, batch size 100",final_20260721-204034_augmented_spots_train_e200_b100_lr0.0001_s1,Soft Dice whole,soft_intensity_dice_whole_mean,5000,0.970410589170456,0.06638861244782823,0.9704,1.058917045593244e-05,True,0.9704 +/- 0.0664,0.0664
multi_output,validation_or_train_split_in_file,"Multi-output Tversky loss, batch size 100",final_20260721-204034_augmented_spots_train_e200_b100_lr0.0001_s1,Recognition,spot_recognition_mean,5000,0.9460354107260704,0.03892299113229129,0.946,3.5410726070495e-05,True,0.9460 +/- 0.0389,0.0389
multi_output,validation_or_train_split_in_file,"Multi-output Tversky loss, learning rate 3e-4",final_20260728-073240_augmented_spots_train_e200_b10_lr0.0003_s1,Dice,dice_mean,5000,0.908646133697033,0.06737651595098844,0.9086,4.613369703299064e-05,True,0.9086 +/- 0.0674,0.0674
multi_output,validation_or_train_split_in_file,"Multi-output Tversky loss, learning rate 3e-4",final_20260728-073240_augmented_spots_train_e200_b10_lr0.0003_s1,RMSE,rmse_mean,5000,0.04919962036628272,0.028854098791388064,0.0492,-3.7963371728177986e-07,True,0.0492 +/- 0.0289,0.0289
multi_output,validation_or_train_split_in_file,"Multi-output Tversky loss, learning rate 3e-4",final_20260728-073240_augmented_spots_train_e200_b10_lr0.0003_s1,RMSE whole,rmse_whole_mean,5000,0.011906595971807791,0.015362193119223223,0.0119,6.5959718077903545e-06,True,0.0119 +/- 0.0154,0.0154
multi_output,validation_or_train_split_in_file,"Multi-output Tversky loss, learning rate 3e-4",final_20260728-073240_augmented_spots_train_e200_b10_lr0.0003_s1,Soft Dice whole,soft_intensity_dice_whole_mean,5000,0.9700184227347374,0.06450659510574532,0.97,1.842273473739997e-05,True,0.9700 +/- 0.0645,0.0645
multi_output,validation_or_train_split_in_file,"Multi-output Tversky loss, learning rate 3e-4",final_20260728-073240_augmented_spots_train_e200_b10_lr0.0003_s1,Recognition,spot_recognition_mean,5000,0.9297232567310333,0.04221334364680298,0.9297,2.325673103331649e-05,True,0.9297 +/- 0.0422,0.0422
multi_output,validation_or_train_split_in_file,"Multi-output Tversky loss, learning rate 5e-5",final_20260729-043315_augmented_spots_train_e200_b10_lr5e-05_s1,Dice,dice_mean,5000,0.9348628065884114,0.06344552541422704,0.9349,-3.7193411588587466e-05,True,0.9349 +/- 0.0634,0.0634
multi_output,validation_or_train_split_in_file,"Multi-output Tversky loss, learning rate 5e-5",final_20260729-043315_augmented_spots_train_e200_b10_lr5e-05_s1,RMSE,rmse_mean,5000,0.04092704392718147,0.03382898216184456,0.0409,2.704392718146792e-05,True,0.0409 +/- 0.0338,0.0338
multi_output,validation_or_train_split_in_file,"Multi-output Tversky loss, learning rate 5e-5",final_20260729-043315_augmented_spots_train_e200_b10_lr5e-05_s1,RMSE whole,rmse_whole_mean,5000,0.00940503154345783,0.015253042566433193,0.0094,5.031543457829912e-06,True,0.0094 +/- 0.0153,0.0153
multi_output,validation_or_train_split_in_file,"Multi-output Tversky loss, learning rate 5e-5",final_20260729-043315_augmented_spots_train_e200_b10_lr5e-05_s1,Soft Dice whole,soft_intensity_dice_whole_mean,5000,0.9686163908541202,0.0740221606096298,0.9686,1.6390854120196252e-05,True,0.9686 +/- 0.0740,0.0740
multi_output,validation_or_train_split_in_file,"Multi-output Tversky loss, learning rate 5e-5",final_20260729-043315_augmented_spots_train_e200_b10_lr5e-05_s1,Recognition,spot_recognition_mean,5000,0.9469678818106652,0.043454398938473034,0.947,-3.211818933479549e-05,True,0.9470 +/- 0.0435,0.0435
multi_output,validation_or_train_split_in_file,"Multi-output Tversky loss, batch size 20",final_20260802-123726_augmented_spots_train_e200_b20_lr0.0001_s1,Dice,dice_mean,5000,0.9380237532258033,0.055018546466649026,0.938,2.375322580339123e-05,True,0.9380 +/- 0.0550,0.0550
multi_output,validation_or_train_split_in_file,"Multi-output Tversky loss, batch size 20",final_20260802-123726_augmented_spots_train_e200_b20_lr0.0001_s1,RMSE,rmse_mean,5000,0.040070450682751786,0.029838735299145762,0.0401,-2.9549317248210583e-05,True,0.0401 +/- 0.0298,0.0298
multi_output,validation_or_train_split_in_file,"Multi-output Tversky loss, batch size 20",final_20260802-123726_augmented_spots_train_e200_b20_lr0.0001_s1,RMSE whole,rmse_whole_mean,5000,0.009644378853496116,0.01591278091128087,0.0096,4.437885349611696e-05,True,0.0096 +/- 0.0159,0.0159
multi_output,validation_or_train_split_in_file,"Multi-output Tversky loss, batch size 20",final_20260802-123726_augmented_spots_train_e200_b20_lr0.0001_s1,Soft Dice whole,soft_intensity_dice_whole_mean,5000,0.9729446213245392,0.06492596201516332,0.9729,4.462132453919576e-05,True,0.9729 +/- 0.0649,0.0649
multi_output,validation_or_train_split_in_file,"Multi-output Tversky loss, batch size 20",final_20260802-123726_augmented_spots_train_e200_b20_lr0.0001_s1,Recognition,spot_recognition_mean,5000,0.9489766511559486,0.03782842067114365,0.949,-2.3348844051307438e-05,True,0.9490 +/- 0.0378,0.0378
multi_output,validation_or_train_split_in_file,"Multi-output Tversky loss, learning rate 1e-4",final_20260803-135417_augmented_spots_train_e200_b10_lr0.0001_s1,Dice,dice_mean,5000,0.9411443051636219,0.05223301536084871,0.9411,4.4305163621860544e-05,True,0.9411 +/- 0.0522,0.0522
multi_output,validation_or_train_split_in_file,"Multi-output Tversky loss, learning rate 1e-4",final_20260803-135417_augmented_spots_train_e200_b10_lr0.0001_s1,RMSE,rmse_mean,5000,0.04315028783921148,0.027735855138407137,0.0432,-4.971216078852175e-05,True,0.0432 +/- 0.0277,0.0277
multi_output,validation_or_train_split_in_file,"Multi-output Tversky loss, learning rate 1e-4",final_20260803-135417_augmented_spots_train_e200_b10_lr0.0001_s1,RMSE whole,rmse_whole_mean,5000,0.010360373806673984,0.013904356017787408,0.0104,-3.962619332601586e-05,True,0.0104 +/- 0.0139,0.0139
multi_output,validation_or_train_split_in_file,"Multi-output Tversky loss, learning rate 1e-4",final_20260803-135417_augmented_spots_train_e200_b10_lr0.0001_s1,Soft Dice whole,soft_intensity_dice_whole_mean,5000,0.9727943494081497,0.06106811887128146,0.9728,-5.65059185031469e-06,True,0.9728 +/- 0.0611,0.0611
multi_output,validation_or_train_split_in_file,"Multi-output Tversky loss, learning rate 1e-4",final_20260803-135417_augmented_spots_train_e200_b10_lr0.0001_s1,Recognition,spot_recognition_mean,5000,0.9489970085501671,0.03498739437596229,0.949,-2.991449832845383e-06,True,0.9490 +/- 0.0350,0.0350
multi_output,validation_or_train_split_in_file,"Multi-output Tversky loss, ReduceLROnPlateau factor 0.5",final_20260804-224906_augmented_spots_train_e200_b20_lr0.0002_s1,Dice,dice_mean,5000,0.9410765679121017,0.04692789965725316,0.9411,-2.3432087898345166e-05,True,0.9411 +/- 0.0469,0.0469
multi_output,validation_or_train_split_in_file,"Multi-output Tversky loss, ReduceLROnPlateau factor 0.5",final_20260804-224906_augmented_spots_train_e200_b20_lr0.0002_s1,RMSE,rmse_mean,5000,0.039605306449625594,0.02969763721158203,0.0396,5.306449625590293e-06,True,0.0396 +/- 0.0297,0.0297
multi_output,validation_or_train_split_in_file,"Multi-output Tversky loss, ReduceLROnPlateau factor 0.5",final_20260804-224906_augmented_spots_train_e200_b20_lr0.0002_s1,RMSE whole,rmse_whole_mean,5000,0.008380332273570771,0.009673609347460664,0.0084,-1.9667726429228524e-05,True,0.0084 +/- 0.0097,0.0097
multi_output,validation_or_train_split_in_file,"Multi-output Tversky loss, ReduceLROnPlateau factor 0.5",final_20260804-224906_augmented_spots_train_e200_b20_lr0.0002_s1,Soft Dice whole,soft_intensity_dice_whole_mean,5000,0.9758339730381965,0.05283231358670748,0.9758,3.3973038196521976e-05,True,0.9758 +/- 0.0528,0.0528
multi_output,validation_or_train_split_in_file,"Multi-output Tversky loss, ReduceLROnPlateau factor 0.5",final_20260804-224906_augmented_spots_train_e200_b20_lr0.0002_s1,Recognition,spot_recognition_mean,5000,0.9507356305122375,0.03337454745195549,0.9507,3.563051223753888e-05,True,0.9507 +/- 0.0334,0.0334
final_test,held_out_test,"Multi-output Tversky loss, ReduceLROnPlateau factor 0.5 evaluation",final_20260804-224906_augmented_spots_train_e200_b20_lr0.0002_s1,Dice,dice_mean,20000,0.9255456356376409,0.07377856974910818,0.93,-0.004454364362359131,False,0.9255 +/- 0.0738,0.0738
final_test,held_out_test,"Multi-output Tversky loss, ReduceLROnPlateau factor 0.5 evaluation",final_20260804-224906_augmented_spots_train_e200_b20_lr0.0002_s1,RMSE,rmse_mean,20000,0.04593949127960945,0.03936756088054707,0.046,-6.050872039054661e-05,False,0.0459 +/- 0.0394,0.0394
final_test,held_out_test,"Multi-output Tversky loss, ReduceLROnPlateau factor 0.5 evaluation",final_20260804-224906_augmented_spots_train_e200_b20_lr0.0002_s1,RMSE whole,rmse_whole_mean,20000,0.010534389513870653,0.014304978639512434,0.0105,3.438951387065188e-05,True,0.0105 +/- 0.0143,0.0143
final_test,held_out_test,"Multi-output Tversky loss, ReduceLROnPlateau factor 0.5 evaluation",final_20260804-224906_augmented_spots_train_e200_b20_lr0.0002_s1,Soft Dice whole,soft_intensity_dice_whole_mean,20000,0.9581077647373081,0.09103248037985397,0.9581,7.764737308124658e-06,True,0.9581 +/- 0.0910,0.0910
final_test,held_out_test,"Multi-output Tversky loss, ReduceLROnPlateau factor 0.5 evaluation",final_20260804-224906_augmented_spots_train_e200_b20_lr0.0002_s1,Recognition,spot_recognition_mean,20000,0.9398030724644661,0.051569977368366465,0.9398,3.072464466180591e-06,True,0.9398 +/- 0.0516,0.0516
